# start_byte	old_end_byte	inserted_utf8_hex_or_dash
16717	16717	6d
11751	11752	-
9550	9550	61
10932	10933	-
5078	5078	66
9431	9432	-
11669	11669	63
1142	1143	-
9181	9181	64
10932	10933	-
1506	1506	68
2074	2075	-
18337	18337	71
11751	11752	-
12990	12990	76
15067	15068	-
10932	10932	70
7891	7892	-
17042	17042	6f
6765	6766	-
17820	17820	73
11765	11766	-
8614	8614	6a
10931	10932	-
10931	10931	72
16714	16715	-
737	737	78
15067	15068	-
7891	7891	67
10933	10934	-
2645	2645	6c
19168	19169	-
16715	16715	6d
18439	18440	-
737	737	77
3906	3907	-
2369	2369	68
3419	3420	-
10934	10934	6f
737	738	-
14812	14812	6a
13769	13770	-
10933	10933	77
3309	3310	-
15430	15430	6b
12991	12992	-
6150	6150	71
17822	17823	-
9267	9267	71
16717	16718	-
19538	19538	68
6766	6767	-
14666	14666	7a
9181	9182	-
16879	16879	68
3904	3905	-
1603	1603	77
18338	18339	-
737	737	65
12992	12993	-
17186	17186	6c
737	738	-
16715	16715	68
8615	8616	-
18653	18653	61
13766	13767	-
7890	7890	6f
2500	2501	-
10931	10931	6d
3172	3173	-
19634	19634	77
3903	3904	-
6763	6763	69
3360	3361	-
10929	10929	61
737	738	-
8612	8612	73
9262	9263	-
12989	12989	63
12989	12990	-
13765	13765	66
12989	12990	-
2448	2448	6e
15427	15428	-
12990	12990	73
10929	10930	-
8613	8613	72
5073	5074	-
1820	1820	75
12990	12991	-
2076	2076	73
3904	3905	-
6146	6146	64
15428	15429	-
15428	15428	72
1033	1034	-
13765	13765	64
9264	9265	-
14662	14662	73
7887	7888	-
15427	15427	79
3903	3904	-
3173	3173	75
17184	17185	-
17479	17479	6b
1033	1034	-
15467	15467	74
737	738	-
8610	8610	63
16713	16714	-
13762	13762	64
14761	14762	-
1818	1818	6a
12988	12989	-
18651	18651	73
6144	6145	-
9475	9475	71
1675	1676	-
19256	19256	68
19634	19635	-
18336	18336	73
4535	4536	-
11593	11593	63
13761	13762	-
16840	16840	6c
17819	17820	-
14659	14659	6b
4535	4536	-
13760	13760	68
2073	2074	-
4534	4534	71
1437	1438	-
9422	9422	75
10925	10926	-
7881	7881	76
13760	13761	-
9175	9175	71
18335	18336	-
8607	8607	6e
1107	1108	-
13761	13761	70
2071	2072	-
13760	13760	6c
16842	16843	-
1138	1138	74
1437	1438	-
7258	7258	6e
8606	8607	-
9174	9174	64
5366	5367	-
9762	9762	79
6137	6138	-
5066	5066	63
4531	4532	-
6137	6137	6b
11666	11667	-
1501	1501	7a
16714	16715	-
10928	10928	70
14662	14663	-
14662	14662	78
11595	11596	-
10928	10928	68
5066	5067	-
6753	6753	6a
2715	2716	-
7879	7879	61
17279	17280	-
2444	2444	69
13763	13764	-
17587	17587	68
2643	2644	-
5065	5065	79
6137	6138	-
3898	3898	70
6138	6139	-
1674	1674	78
13763	13764	-
9175	9175	61
7880	7881	-
18650	18650	69
3899	3900	-
9424	9424	68
9652	9653	-
14660	14660	73
16714	16715	-
3305	3305	65
16715	16716	-
13763	13763	67
6753	6754	-
3900	3900	73
10929	10930	-
2073	2073	79
737	738	-
7880	7880	66
3413	3414	-
10929	10929	7a
13763	13764	-
3305	3305	73
4534	4535	-
